    {
		"name": "Round and Round",
		"width": 20,
		"height": 30,
		
		"delegate": "Field2Delegate",
		"targetTimeRatio": 2.25,
		"gravity": 4.0,
		
		"numballs": 3,
		"ballradius": 0.5,
		"ballcolor": [192, 192, 224],
        "launchPosition": ["19.3", "3.0"],
        "launchVelocity": ["0", "16.0"],
        "launchVelocityRandomDelta": ["0", "0.6"],
        "launchDeadZone": ["18.8", "0", "20", "1.4"],
		
		"variables": {
			"RotatingBumper1Speed": 0.75,
			"RotatingBumper2Speed": -0.5,
			"RotatingBumper2CenterX": 9.35,
			"RotatingBumper2CenterY": 13
		},

		"elements": [
			"launch rail",
			{"class": "WallElement", "position": [18.7, 0.1, 18.7, 20]},
			{"class": "WallElement", "position": [19.9, 0.1, 19.9, 20]},

			"barrier covering launch rail once the ball enters play, initially disabled",
			{"class": "WallElement", "id": "LaunchBarrier", "position": [10, 29.9, 10, 28.7], "disabled": true, "color": [128, 128, 128]},
			"sensor to enable launch barrier once ball is in play",
			{"class": "SensorElement", "id": "LaunchBarrierSensor", "rect": [9, 28.2, 9.5, 29.9]},
			"sensor to retract launch barrier for multi-ball",
			{"class": "SensorElement", "id": "LaunchBarrierRetract", "rect": [10.1, 28.7, 11, 29.9]},

			"upper right arcs",			
			{"class": "WallArcElement", "center": [10,20], "radius": 8.7, "minangle": 0, "maxangle": 90, "segments": 20},
			{"class": "WallArcElement", "center": [10,20], "radius": 9.9, "minangle": 0, "maxangle": 90, "segments": 20},
			
			"upper left arc",
			{"class": "WallArcElement", "center": [10,25], "xradius": 9.9, "yradius": 4.9, "minangle": 90, "maxangle": 180, "segments": 20},
			
			"upper left outlane",
			{"class": "WallPathElement", "positions": [[3.45, 23], [1.45, 24]]}, 
			
			"upper right edge and rail",
			{"class": "WallPathElement", "positions": [[10, 28.7], [10, 24], [8, 23]]},
			
			"upper bumpers",
			{"class": "BumperElement", "position": [3.2, 26], "radius": 0.5, "kick": 2.5, "score": 1000, "color": [224, 224, 32]},
			{"class": "BumperElement", "position": [7.2, 27], "radius": 0.5, "kick": 2.5, "score": 1000, "color": [224, 224, 32]},
			
			"drop targets along upper right wall",
			{"class": "DropTargetGroupElement", "id": "DropTargetTopLeft", "color": [0, 255, 0], "score": 1000, "reset": 2.0,
 			 "positions": [[9.8, 28.2, 9.8, 27.2],
             			   [9.8, 26.9, 9.8, 25.9],
                           [9.8, 25.6, 9.8, 24.6]]},


			{"class": "BumperElement", "position": [5.725, 19.5], "radius": 0.75, "kick": 4, "score": 500, "color": [32, 224, 224]},		
			

			"rotating bumpers on right",
			{"class": "BumperElement", "position": [14, 22], "radius": 0.5, "kick": 4, "score": 1000, "color": [224,32,32], "id": "CenterBumper1"},
			{"class": "BumperElement", "position": [14, 19.6], "radius": 0.75, "kick": 3, "score": 500, "id": "RotatingBumper1A"},
			{"class": "BumperElement", "position": [11.6, 22], "radius": 0.75, "kick": 3, "score": 500, "id": "RotatingBumper1B"},
			{"class": "BumperElement", "position": [14, 24.4], "radius": 0.75, "kick": 3, "score": 500, "id": "RotatingBumper1C"},
			{"class": "BumperElement", "position": [16.4, 22], "radius": 0.75, "kick": 3, "score": 500, "id": "RotatingBumper1D"},
			
			"rotating bumpers in middle",
			{"class": "BumperElement", "position": [6.35, 13],  "radius": 0.66, "kick": 3, "score": 500, "color": [224, 32, 224], "id": "RotatingBumper2A"},
			{"class": "BumperElement", "position": [12.35, 13], "radius": 0.66, "kick": 3, "score": 500, "color": [224, 32, 224], "id": "RotatingBumper2B"},
			

		    "left kicker, 60 degree angle",
		    {
		    	"class": "WallElement", 
		       	"position": [3.2, 8.77, 5.7, 4.43],
		       	"kick": 3.5,
		       	"score": 100,
		       	"color": [0, 0, 255]
		    },
			"top/bottom of left kicker without kick, x goes .25 (=0.5*cos(pi/3)), y goes .43 (=0.5*sin(pi/3))",
			{"class": "WallElement", "position": [2.95, 9.2, 3.2, 8.77]},
			{"class": "WallElement", "position": [5.95, 4, 5.7, 4.43]},

		    "around left kicker", 
		    {"class": "WallElement", "position": [2.95, 9.2, 2.95, 5.8]},
			{"class": "WallElement", "position": [2.95, 5.8, 5.95, 4]},
		        
		    "right kicker",
		    {
		    	"class": "WallElement", 
		       	"position": [15.6, 8.77, 13.1, 4.43],
		       	"kick": 3.5,
		       	"score": 100,
		       	"color": [0, 0, 255]
		    },
			"top/bottom of right kicker without kick",
			{"class": "WallElement", "position": [15.85, 9.2, 15.6, 8.77]},
			{"class": "WallElement", "position": [12.85, 4, 13.1, 4.43]},
		    
			"around right kicker",
			{"class": "WallElement", "position": [15.85, 9.2, 15.85, 5.8]},
			{"class": "WallElement", "position": [15.85, 5.8, 12.85, 4]},

		    {"class": "WallElement", "position": [0.1, 0.1, 18.7, 0.1], "color": [0,0,0], "kill": true},
		    {"class": "WallElement", "position": [18.7, 0.1, 19.9, 0.1]},
			
			"left bottom",
			{"class": "WallElement", "position": [0.1, 4, 6, 1]},
			"right bottom",
			{"class": "WallElement", "position": [18.7, 4, 12.7, 1]},
			
			"left side",
			{"class": "WallElement", "position": [0.1, 4, 0.1, 10], "name": "left border"},
			
			"above left outlane, top arc position [1.379, 12.457]",
			{
				"class": "WallArcElement", 
				"center": [3.1,10],
				"xradius": 3.0,
				"yradius": 3.0,
				"minangle": 125,
				"maxangle": 180,
				"segments": 8
			},
			{"class": "WallElement", "position": [1.379, 12.457, 1.379, 18]},
			
			"barrier to kicker to upper left",
			{"class": "WallElement", "position": [1.379, 18, 0.1, 21.5], "color": [128, 32, 32], "id": "LeftTubeBarrier", "disabled": true},
			"kicker to upper left",
			{"class": "WallElement", "position": [0.1, 13, 1.378, 13], "kick": 5, "score": 1000, "color": [32, 224, 224]},
			"sensor to activate barrier after ball passes through",
			{"class": "SensorElement", "rect": [0.1, 14, 1.378, 15], "id": "LeftTubeSensor"},
			
			
			"connect to upper left arc",
			{"class": "WallElement", "position": [0.1, 25, 0.1, 10]},
			
			"drop targets on left side",
			{"class": "DropTargetGroupElement", "id": "DropTargetLeft", "color": [0, 255, 0], "score": 500, "reset": 2.0,
 			 "positions": [[1.579, 12.8, 1.579, 13.8],
             			   [1.579, 14.0, 1.579, 15.0],
                           [1.579, 15.2, 1.579, 16.2],
                           [1.579, 16.4, 1.579, 17.4]]},
			
			
			
			"left outlane",
			{"class": "WallElement", "position": [1.45, 8.5, 1.45, 4.8]},
			
			"right outlane",
			{"class": "WallElement", "position": [17.35, 8.5, 17.35, 4.8]},
			"above right outlane, top arc position [16.872, 12.762]",
			{
				"class": "WallArcElement", 
				"center": [15.7,10],
				"xradius": 3.0,
				"yradius": 3.0,
				"minangle": 0,
				"maxangle": 67,
				"segments": 8
			},
			{"class": "WallElement", "position": [16.872, 12.762, 18.7, 20]},
			"drop targets on right wall (via python script)",
			{"class": "DropTargetGroupElement", "id": "DropTargetRight", "color": [0, 255, 0], "score": 500, "reset": 2.0,
 			 "positions": [[16.777, 13.611, 17.046, 14.678],
             			   [17.144, 15.065, 17.414, 16.132],
                           [17.512, 16.52, 17.781, 17.586],
                           [17.879, 17.974, 18.148, 19.041]]},


			"ball savers, disappear when hit and reappear when drop targets are cleared, controlled by Field1Delegate",
			{"class": "WallElement", "id": "BallSaver-left", "position": [0.15, 5.0, 1.35, 5.0], 
			 "kick": 6.0, "color": [0, 255, 0], "retractWhenHit": true},
			 
			{"class": "WallElement", "id": "BallSaver-right", "position": [17.45, 5.0, 18.65, 5.0], 
			 "kick": 6.0, "color": [0, 255, 0], "retractWhenHit": true},
			

			"flipper lanes",
			{"class": "WallElement", "position": [1.45, 4.8, 6.25, 2.3]},
			{"class": "WallElement", "position": [17.35, 4.8, 12.45, 2.3]},

			"rollovers for flipper lanes",
			{"class": "RolloverGroupElement", "id": "FlipperRollovers", "color": [0, 224, 224], "radius": 0.4, "score": 500, "cycleOnFlipper": true,
			 "rollovers": [{"position": [0.775, 7.0]},
			               {"position": [2.2, 7.0]},
			               {"position": [16.6, 7.0]},
			               {"position": [18.025, 7.0]}
			               ]
			},
			
			"rollovers in middle for extra ball when all lit",
			{"class": "RolloverGroupElement", "id": "ExtraBallRollovers", "radius": 0.4, "ignoreBall": true,
			 "rollovers": [{"position": [8.15, 11.8], "color": [224, 0, 0]},
			 			   {"position": [9.35, 11.8], "color": [0, 224, 0]},
			 			   {"position": [10.55, 11.8], "color": [0, 0, 224]},
			 			   {"position": [8.15, 13], "color": [224, 0, 0]},
			 			   {"position": [9.35, 13], "color": [0, 224, 0]},
			 			   {"position": [10.55, 13], "color": [0, 0, 224]},
			 			   {"position": [8.15, 14.2], "color": [224, 0, 0]},
			 			   {"position": [9.35, 14.2], "color": [0, 224, 0]},
			 			   {"position": [10.55, 14.2], "color": [0, 0, 224]}			 			   
			               ]
			},

            "lower left flipper",
            {
              "class": "FlipperElement",
              "position": [6.35, 2.2],
              "length": 2.5,
              "minangle": -20,
              "maxangle": 20,
              "upspeed": 7,
              "downspeed": 3
            },
            "lower right flipper",
            {
              "class": "FlipperElement",
              "position": [12.35, 2.2],
              "length": -2.5,
              "minangle": -20,
              "maxangle": 20,
              "upspeed": 7,
              "downspeed": 3
            },
            "upper left flipper",
            {
              "class": "FlipperElement",
              "position": [3.55, 22.9],
              "length": 1.65,
              "minangle": -22.5,
              "maxangle": 20,
              "upspeed": 9,
              "downspeed": 3
            },
            "upper right flipper",
            {
              "class": "FlipperElement",
              "position": [7.9, 22.9],
              "length": -1.65,
              "minangle": -25,
              "maxangle": 20,
              "upspeed": 9,
              "downspeed": 3
            }
		]
    }
    