	{
		"name": "Default",
		"width": 20,
		"height": 30,
		
		"delegate": "Field1Delegate",
		"targetTimeRatio": "2.3",
		"gravity": "4.0",
		
		"numballs": 3,
		"ballradius": "0.5",
		"ballcolor": [192, 192, 224],
		"launchPosition": ["19.3", "3.0"],
		"launchVelocity": ["0", "15.4"],
		"launchVelocityRandomDelta": ["0", "0.6"],
		"launchDeadZone": ["18.8", "0", "20", "1.4"],
		
		"elements": [
			"Strings in this section are treated as comments and ignored.",
			"All field elements except for flippers are defined in this section.",
			"Each element is a JSON object with a mandatory class property to indicate type",
			"and type=specific additional attributes. The element classes are defined",
			"in the com.dozingcatsoftware.bouncy.element package.", 
		
			"launch rail",
			{"class": "WallElement", "position": [18.7, 0.1, 18.7, 23]},
			{"class": "WallElement", "position": [19.9, 0.1, 19.9, 23]},

			"main outside arc",
			{
				"class": "WallArcElement", 
				"center": [10,23],
				"xradius": 9.9,
				"yradius": 7,
				"minangle": 0,
				"maxangle": 180,
				"segments": 30
			},
			
			"right inside arc",
			{
				"class": "WallArcElement", 
				"center": [10,23],
				"xradius": 8.7,
				"yradius": 5.6,
				"minangle": 0,
				"maxangle": 54.5,
				"segments": 12
			},
			
			"left inside arc, upper",
			{
				"class": "WallArcElement", 
				"center": [10,23],
				"xradius": 8.1,
				"yradius": 5.6,
				"minangle": 110,
				"maxangle": 180,
				"segments": 12
			},
			
			"left outside arc, outer",
			{"class": "WallArcElement", "center": [6.246, 23], "xradius": 6.146, "yradius": 7.778, "minangle": 180, "maxangle": 225},
			"left outside arc, inner",
			{"class": "WallArcElement", "center": [6.246, 23], "xradius": 4.346, "yradius": 5.978, "minangle": 180, "maxangle": 225},
						               	
		    {"class": "WallElement", "position": [0.1, 0.1, 18.7, 0.1], "color": [0,0,0], "kill": true},
		    {"class": "WallElement", "position": [18.7, 0.1, 19.9, 0.1]},
			
			"left bottom",
			{"class": "WallElement", "position": [0.1, 4, 6, 1]},
			"right bottom",
			{"class": "WallElement", "position": [18.7, 4, 12.7, 1]},
			
			"left side",
			{"class": "WallElement", "position": [0.1, 4, 0.1, 10], "name": "left border"},
			
			"above left outlane",
			{
				"class": "WallArcElement", 
				"center": [3.1,10],
				"xradius": 3.0,
				"yradius": 3.0,
				"minangle": 120,
				"maxangle": 180,
				"segments": 8
			},
			{"class": "WallElement", "position": [1.6, 12.6, 1.9, 17.5]},
			
			"left outlane",
			{"class": "WallElement", "position": [1.45, 8.5, 1.45, 4.8]},
			
			"right outlane",
			{"class": "WallElement", "position": [17.35, 8.5, 17.35, 4.8]},
			"above right outlane",
			{
				"class": "WallArcElement", 
				"center": [15.7,10],
				"xradius": 3.0,
				"yradius": 3.0,
				"minangle": 0,
				"maxangle": 60,
				"segments": 8
			},
			
			"path along right edge",
			{"class": "WallPathElement", "positions": [[17.2, 12.6], [17, 15], [14.8, 21.4], [15.05, 24.5], [15.05, 27.53]]},
			
			"barrier covering launch rail once the ball enters play, initially disabled",
			{"class": "WallElement", "id": "LaunchBarrier", "position": [15.05, 27.53, 15.75, 28.74], "disabled": true, "color": [128, 128, 128]},
			"sensor to enable launch barrier",
			{"class": "SensorElement", "id": "LaunchBarrierSensor", "rect": [14.05, 27.53, 15.05, 29]},
			"sensor to retract launch barrier for multi-ball",
			{"class": "SensorElement", "id": "LaunchBarrierRetract", "rect": [16.0, 26.5, 17.0, 28.5]},

			"flipper lanes",
			{"class": "WallElement", "position": [1.45, 4.8, 6.25, 2.3]},
			{"class": "WallElement", "position": [17.35, 4.8, 12.45, 2.3]},
			
			"ball savers, disappear when hit and reappear when drop targets are cleared, controlled by Field1Delegate",
			{"class": "WallElement", "id": "BallSaver-left", "position": [0.15, 5.0, 1.35, 5.0], 
			 "kick": 6.0, "color": [0, 255, 0], "retractWhenHit": true},
			 
			{"class": "WallElement", "id": "BallSaver-right", "position": [17.45, 5.0, 18.65, 5.0], 
			 "kick": 6.0, "color": [0, 255, 0], "retractWhenHit": true},
						
			"separators between top lanes",
			{"class": "WallElement", "position": [9.0,  26.5, 9.0,  27.8]},
			{"class": "WallElement", "position": [10.5, 26.5, 10.5, 27.8]},
			{"class": "WallElement", "position": [12.0, 26.5, 12.0, 27.8]},
			{"class": "WallElement", "position": [13.5, 26.5, 13.5, 27.8]},
			

"right drop targets (computed with python script to place parallel to wall, 0.2 perpendicular distance, 1.0 width, 0.2 gap)",
{"class": "DropTargetGroupElement", "id": "DropTargetRightSave", "color": [0, 255, 0], "score": 500, "reset": 2.0,
 "positions": [[16.778, 15.026, 16.440, 15.968],
               [16.372, 16.156, 16.034, 17.097],
               [15.966, 17.285, 15.628, 18.226],
               [15.560, 18.414, 15.222, 19.355]]},
			
"left drop targets: 0.2 perpendicular distance from wall, 1.0 width, 0.2 gap, start 0.7 from bottom of wall",
{"class": "DropTargetGroupElement", "id": "DropTargetLeftSave", "color": [0, 255, 0], "score": 500, "reset": 2.0,
 "positions": [[1.807, 12.708, 1.868, 13.706],
               [1.88, 13.905, 1.941, 14.903],
               [1.954, 15.103, 2.015, 16.101],
               [2.027, 16.301, 2.088, 17.299]]},

		    "left kicker, 60 degree angle",
		    {
		    	"class": "WallElement", 
		       	"position": [3.2, 8.77, 5.7, 4.43],
		       	"kick": 3.5,
		       	"score": 100,
		       	"color": [0, 0, 255]
		    },
			"top/bottom of left kicker without kick, x goes .25 (=0.5*cos(pi/3)), y goes .43 (=0.5*sin(pi/3))",
			{"class": "WallElement", "position": [2.95, 9.2, 3.2, 8.77]},
			{"class": "WallElement", "position": [5.95, 4, 5.7, 4.43]},

		    "around left kicker", 
		    {"class": "WallElement", "position": [2.95, 9.2, 2.95, 5.8]},
			{"class": "WallElement", "position": [2.95, 5.8, 5.95, 4]},
		        
		    "right kicker",
		    {
		    	"class": "WallElement", 
		       	"position": [15.6, 8.77, 13.1, 4.43],
		       	"kick": 3.5,
		       	"score": 100,
		       	"color": [0, 0, 255]
		    },
			"top/bottom of right kicker without kick",
			{"class": "WallElement", "position": [15.85, 9.2, 15.6, 8.77]},
			{"class": "WallElement", "position": [12.85, 4, 13.1, 4.43]},
		    
			"around right kicker",
			{"class": "WallElement", "position": [15.85, 9.2, 15.85, 5.8]},
			{"class": "WallElement", "position": [15.85, 5.8, 12.85, 4]},
					
			"box above bumpers with drop targets",
			{"class": "WallElement", "position": [9.0, 27.8, 7.230, 28.262]},
			{"class": "WallElement", "position": [9.0, 26.5, 5.95, 25.6]},
			{"class": "WallElement", "position": [5.95, 25.6, 5.95, 27.85]},
			
			"upper drop targets (0.2 height, 0.9 width, 0.25 gap, start 0.2 from right edge",
			{"class": "DropTargetGroupElement", "id": "DropTargetTop", "color": [0, 255, 255], "score": 500, "reset": 2.0,
 			 "positions": [
 			   [8.625, 26.181, 7.762, 25.926],
               [7.282, 25.785, 6.419, 25.53],
               [5.75, 26.1, 5.75, 27.1]
             ]},
						
			"bumpers below top lanes",
			{"class": "BumperElement", "radius": 0.85, "position": [9.5, 18], "kick": 3, "color": [0, 0, 224], "score": 500},
			{"class": "BumperElement", "radius": 0.85, "position": [12.3, 21.2], "kick": 3, "color": [0, 0, 224], "score": 500},
			{"class": "BumperElement", "radius": 0.85, "position": [6.5, 20.5], "kick": 3, "color": [0, 0, 224], "score": 500},
			"purple bumper is extra points",
			{"class": "BumperElement", "radius": 0.70, "position": [4.5, 23.5], "kick": 2.5, "color": [192, 0, 192], "score": 1000},
			
        	"rollovers for ramp shot",
			{"class": "RolloverGroupElement", "id": "RampRollovers", "radius": 0.5, "score": 500, "reset": 5,
			 "rollovers": [{"position": [1.7, 19.5], "color": [255, 0, 0], "score": 2000},
			               {"position": [1.0, 23.0], "color": [0, 255, 0], "score": 3000},
			               {"position": [3.1, 27.0], "color": [0, 0, 255], "score": 5000},
			               {"position": [6.3, 28.7], "color": [255, 255, 255], "score": 10000}
			               ]
			},
			
			"rollovers for flipper lanes",
			{"class": "RolloverGroupElement", "id": "FlipperRollovers", "color": [0, 224, 224], "radius": 0.4, "score": 500, "cycleOnFlipper": true,
			 "rollovers": [{"position": [0.775, 7.0]},
			               {"position": [2.2, 7.0]},
			               {"position": [16.6, 7.0]},
			               {"position": [18.025, 7.0]}
			               ]
			},

			"rollovers for top lanes",
			{"class": "RolloverGroupElement", "id": "TopRollovers", "color": [0, 224, 224], "radius": 0.45, "score": 500, "cycleOnFlipper": true,
			 "rollovers": [{"position": [9.75,  27.2]},
			               {"position": [11.25, 27.2]},
			               {"position": [12.75, 27.2]},
			               {"position": [14.25, 27.2]}
			               ]
			},
			
			"rollovers in middle for extra ball when all lit",
			{"class": "RolloverGroupElement", "id": "ExtraBallRollovers", "radius": 0.5, "ignoreBall": true,
			 "rollovers": [{"position": [9.4, 13], "color": [224, 0, 0]},
			               {"position": [12.0, 11.5], "color": [224, 224, 0]},
			               {"position": [12.0, 8.5], "color": [0, 224, 0]},
			               {"position": [9.4, 7], "color": [0, 224, 224]},
			               {"position": [6.8, 8.5], "color": [0, 0, 224]},
			               {"position": [6.8, 11.5], "color": [224, 0, 224]},
			               {"position": [9.4, 10], "radius": 1.5, "color": [224, 224, 224]}
			               ]
			},

            
			"left flipper",
			{
			  "class": "FlipperElement",
              "position": [6.35, 2.2],
              "length": 2.5,
              "minangle": -20,
              "maxangle": 20,
              "upspeed": 7,
              "downspeed": 3
            },
            "right flipper",
            {
              "class": "FlipperElement",
              "position": [12.35, 2.2],
              "length": -2.5,
              "minangle": -20,
              "maxangle": 20,
              "upspeed": 7,
              "downspeed": 3
            }
		]
	}	
